{
  "baseline": {
    "pipeline": "baseline",
    "tasks_completed": 121,
    "tasks_failed": 0,
    "total_time": 1436.0352592468262,
    "avg_time": 11.868059993775423,
    "avg_security_score": 95.39393939393942,
    "avg_quality_score": 89.35041322314046,
    "output_dir": "output/"
  },
  "rag": {
    "pipeline": "rag",
    "tasks_completed": 121,
    "tasks_failed": 0,
    "total_time": 1846.185203552246,
    "avg_time": 15.25772895497724,
    "avg_security_score": 94.15151515151508,
    "avg_quality_score": 87.58512396694215,
    "output_dir": "output/"
  },
  "rci": {
    "pipeline": "rci",
    "tasks_completed": 121,
    "tasks_failed": 0,
    "total_time": 7218.295523643494,
    "avg_time": 59.655334906144574,
    "avg_security_score": 97.1019283746557,
    "avg_quality_score": 71.26446280991735,
    "output_dir": "output/"
  },
  "rci_rag": {
    "pipeline": "rci_rag",
    "tasks_completed": 121,
    "tasks_failed": 0,
    "total_time": 7655.339811325073,
    "avg_time": 63.267271167975814,
    "avg_security_score": 95.87603305785119,
    "avg_quality_score": 86.16363636363636,
    "output_dir": "output/"
  },
  "cag_rci": {
    "pipeline": "cag_rci",
    "tasks_completed": 121,
    "tasks_failed": 0,
    "total_time": 9723.989174365997,
    "avg_time": 80.36354689558675,
    "avg_security_score": 97.6969696969697,
    "avg_quality_score": 74.18512396694211,
    "output_dir": "output/"
  },
  "cag_rag": {
    "pipeline": "cag_rag",
    "tasks_completed": 121,
    "tasks_failed": 0,
    "total_time": 1616.303294658661,
    "avg_time": 13.357878468253396,
    "avg_security_score": 94.59228650137737,
    "avg_quality_score": 87.71900826446284,
    "output_dir": "output/"
  },
  "rag_cag_rci": {
    "pipeline": "rag_cag_rci",
    "tasks_completed": 121,
    "tasks_failed": 0,
    "total_time": 3896.540546655655,
    "avg_time": 32.2028144351707,
    "avg_security_score": 99.03030303030302,
    "avg_quality_score": 64.51487603305786,
    "refinement_count": 54,
    "output_dir": "output/"
  }
}